iter,loss,elapsed,q_bad_pre,qd_bad_pre,q_max_abs,q_max_norm,q_min,q_max,qd_max_abs,qd_max_norm,qd_min,qd_max,q_bad,qd_bad,spring_ke_bad,spring_ke_gbad,spring_kd_bad,spring_kd_gbad,spring_ke_min,spring_ke_max,spring_ke_mean,spring_ke_gmin,spring_ke_gmax,spring_ke_gmean,spring_kd_min,spring_kd_max,spring_kd_mean,spring_kd_gmin,spring_kd_gmax,spring_kd_gmean
1,0.001432,1.6148,0,0,0.3157272934913635,0.4220302402973175,-0.18724951148033142,0.3157272934913635,13.650961875915527,17.391828536987305,-9.415614128112793,13.650961875915527,0,0,0,0,0,0,10000.001953125,38372.765625,21061.4296875,0.0,0.0,0.0,29.506242752075195,70.19999694824219,63.65122604370117,0.0,0.0,0.0
2,0.001502,1.6333,0,0,0.3157272934913635,0.4220302402973175,-0.18724951148033142,0.3157272934913635,10.661006927490234,14.125283241271973,-10.661006927490234,10.24687385559082,0,0,0,0,0,0,10000.001953125,50000.0,28488.34765625,0.0,0.0,0.0,18.552799224853516,70.19999694824219,62.8009147644043,0.0,0.0,0.0
3,0.001457,1.6643,0,0,0.3157272934913635,0.4220302402973175,-0.18724951148033142,0.3157272934913635,10.431133270263672,11.818669319152832,-10.431133270263672,8.078298568725586,0,0,0,0,0,0,10000.001953125,50000.0,31221.623046875,0.0,0.0,0.0,10.300000190734863,70.19999694824219,62.480934143066406,0.0,0.0,0.0
4,0.001464,1.6249,0,0,0.3157272934913635,0.4220302402973175,-0.18724951148033142,0.3157272934913635,10.460993766784668,11.98204231262207,-10.460993766784668,7.96286153793335,0,0,0,0,0,0,10000.001953125,50000.0,32998.19921875,0.0,0.0,0.0,10.300000190734863,70.19999694824219,62.310333251953125,0.0,0.0,0.0
5,0.001464,1.6411,0,0,0.3157272934913635,0.4220302402973175,-0.18724951148033142,0.3157272934913635,10.271066665649414,11.473892211914062,-9.28989028930664,10.271066665649414,0,0,0,0,0,0,10000.001953125,50000.0,33968.86328125,0.0,0.0,0.0,10.300000190734863,70.19999694824219,62.260746002197266,0.0,0.0,0.0
6,0.001411,1.6290,0,0,0.3157272934913635,0.4220302402973175,-0.18724951148033142,0.3157272934913635,9.057726860046387,10.506550788879395,-8.765292167663574,9.057726860046387,0,0,0,0,0,0,10000.001953125,50000.0,34203.3828125,0.0,0.0,0.0,10.300000190734863,70.19999694824219,62.02676773071289,0.0,0.0,0.0
7,0.001400,1.6753,0,0,0.3157272934913635,0.4220302402973175,-0.18724951148033142,0.3157272934913635,10.773880004882812,12.216289520263672,-10.773880004882812,8.826766967773438,0,0,0,0,0,0,10000.001953125,50000.0,35802.4296875,0.0,0.0,0.0,10.300000190734863,70.19999694824219,63.14384841918945,0.0,0.0,0.0
8,0.001588,1.6489,0,0,0.3157272934913635,0.4220302402973175,-0.18724951148033142,0.3157272934913635,23.118057250976562,25.836681365966797,-11.810147285461426,23.118057250976562,0,0,0,0,0,0,10000.001953125,50000.0,37670.234375,0.0,0.0,0.0,10.300000190734863,70.19999694824219,63.05267333984375,0.0,0.0,0.0
9,0.001428,1.5708,0,0,0.3157272934913635,0.4220302402973175,-0.18724951148033142,0.3157272934913635,21.014009475708008,24.140628814697266,-11.50356674194336,21.014009475708008,0,0,0,0,0,0,10000.001953125,50000.0,38018.09765625,0.0,0.0,0.0,10.300000190734863,70.19999694824219,61.817935943603516,0.0,0.0,0.0
10,0.001429,1.5750,0,0,0.3157272934913635,0.4220302402973175,-0.18724951148033142,0.3157272934913635,15.270458221435547,17.14992332458496,-12.913588523864746,15.270458221435547,0,0,0,0,0,0,10000.001953125,50000.0,38719.31640625,0.0,0.0,0.0,10.300000190734863,70.19999694824219,62.19590377807617,0.0,0.0,0.0
11,0.001469,1.5748,0,0,0.3157272934913635,0.4220302402973175,-0.18724951148033142,0.3157272934913635,8.750310897827148,11.618877410888672,-8.017254829406738,8.750310897827148,0,0,0,0,0,0,10000.001953125,50000.0,38402.58984375,0.0,0.0,0.0,10.300000190734863,70.19999694824219,60.733036041259766,0.0,0.0,0.0
12,0.001458,1.5697,0,0,0.3157272934913635,0.4220302402973175,-0.18724951148033142,0.3157272934913635,11.541535377502441,14.008673667907715,-11.541535377502441,10.791183471679688,0,0,0,0,0,0,10000.001953125,50000.0,38551.86328125,0.0,0.0,0.0,10.300000190734863,70.19999694824219,60.45792007446289,0.0,0.0,0.0
13,0.001424,1.5818,0,0,0.3157272934913635,0.4220302402973175,-0.18724951148033142,0.3157272934913635,12.05431842803955,14.094752311706543,-11.665702819824219,12.05431842803955,0,0,0,0,0,0,10000.001953125,50000.0,39390.15625,0.0,0.0,0.0,10.300000190734863,70.19999694824219,61.40247344970703,0.0,0.0,0.0
14,0.001420,1.5732,0,0,0.3157272934913635,0.4220302402973175,-0.18724951148033142,0.3157272934913635,11.117417335510254,12.892260551452637,-11.117417335510254,9.074264526367188,0,0,0,0,0,0,10000.001953125,50000.0,39058.36328125,0.0,0.0,0.0,10.300000190734863,70.19999694824219,59.9251708984375,0.0,0.0,0.0
15,0.001422,1.5810,0,0,0.3157272934913635,0.4220302402973175,-0.18724951148033142,0.3157272934913635,11.935161590576172,14.179265022277832,-11.581244468688965,11.935161590576172,0,0,0,0,0,0,10000.001953125,50000.0,39629.453125,0.0,0.0,0.0,10.300000190734863,70.19999694824219,60.883602142333984,0.0,0.0,0.0
16,0.001550,1.5740,0,0,0.3157272934913635,0.4220302402973175,-0.18724951148033142,0.3157272934913635,10.97952938079834,13.649778366088867,-10.97952938079834,10.018643379211426,0,0,0,0,0,0,10000.001953125,50000.0,39347.4296875,0.0,0.0,0.0,10.300000190734863,70.19999694824219,60.051727294921875,0.0,0.0,0.0
17,0.001405,1.5729,0,0,0.3157272934913635,0.4220302402973175,-0.18724951148033142,0.3157272934913635,11.088857650756836,13.79497241973877,-11.088857650756836,10.28738021850586,0,0,0,0,0,0,10000.001953125,50000.0,39629.78515625,0.0,0.0,0.0,10.300000190734863,70.19999694824219,60.595550537109375,0.0,0.0,0.0
18,0.001570,1.5720,0,0,0.3157272934913635,0.4220302402973175,-0.18724951148033142,0.3157272934913635,13.725327491760254,15.22458553314209,-12.408029556274414,13.725327491760254,0,0,0,0,0,0,10000.001953125,50000.0,39417.875,0.0,0.0,0.0,10.300000190734863,70.19999694824219,59.9803581237793,0.0,0.0,0.0
19,0.001414,1.5776,0,0,0.3157272934913635,0.4220302402973175,-0.18724951148033142,0.3157272934913635,11.352901458740234,13.060087203979492,-11.352901458740234,9.728226661682129,0,0,0,0,0,0,10000.001953125,50000.0,39757.7890625,0.0,0.0,0.0,10.300000190734863,70.19999694824219,60.50202178955078,0.0,0.0,0.0
20,0.001503,1.5710,0,0,0.3157272934913635,0.4220302402973175,-0.18724951148033142,0.3157272934913635,10.598090171813965,13.122455596923828,-10.598090171813965,10.193262100219727,0,0,0,0,0,0,10000.001953125,50000.0,39433.26171875,0.0,0.0,0.0,10.300000190734863,70.19999694824219,59.87715530395508,0.0,0.0,0.0
21,0.001511,1.5740,0,0,0.3157272934913635,0.4220302402973175,-0.18724951148033142,0.3157272934913635,11.270739555358887,13.848505973815918,-11.270739555358887,10.382572174072266,0,0,0,0,0,0,10000.001953125,50000.0,39686.265625,0.0,0.0,0.0,10.300000190734863,70.19999694824219,60.330230712890625,0.0,0.0,0.0
22,0.001552,1.5689,0,0,0.3157272934913635,0.4220302402973175,-0.18724951148033142,0.3157272934913635,9.292121887207031,11.361279487609863,-7.9378790855407715,9.292121887207031,0,0,0,0,0,0,10000.001953125,50000.0,39599.7109375,0.0,0.0,0.0,10.300000190734863,70.19999694824219,60.10239028930664,0.0,0.0,0.0
23,0.001414,1.5734,0,0,0.3157272934913635,0.4220302402973175,-0.18724951148033142,0.3157272934913635,11.138086318969727,12.980777740478516,-11.138086318969727,9.721774101257324,0,0,0,0,0,0,10000.001953125,50000.0,39641.86328125,0.0,0.0,0.0,10.300000190734863,70.19999694824219,59.72203063964844,0.0,0.0,0.0
24,0.001392,1.5804,0,0,0.3157272934913635,0.4220302402973175,-0.18724951148033142,0.3157272934913635,11.150956153869629,13.307154655456543,-11.150956153869629,9.763891220092773,0,0,0,0,0,0,10000.001953125,50000.0,39295.12109375,0.0,0.0,0.0,10.300000190734863,70.19999694824219,59.15467071533203,0.0,0.0,0.0
25,0.001578,1.5982,0,0,0.3157272934913635,0.4220302402973175,-0.18724951148033142,0.3157272934913635,18.42546844482422,20.510622024536133,-9.607211112976074,18.42546844482422,0,0,0,0,0,0,10000.001953125,50000.0,39818.63671875,0.0,0.0,0.0,10.300000190734863,70.19999694824219,59.805747985839844,0.0,0.0,0.0
26,0.001448,1.5737,0,0,0.3157272934913635,0.4220302402973175,-0.18724951148033142,0.3157272934913635,10.894332885742188,11.841275215148926,-8.773538589477539,10.894332885742188,0,0,0,0,0,0,10000.001953125,50000.0,39423.63671875,0.0,0.0,0.0,10.300000190734863,70.19999694824219,58.73343276977539,0.0,0.0,0.0
27,0.001438,1.5819,0,0,0.3157272934913635,0.4220302402973175,-0.18724951148033142,0.3157272934913635,11.451833724975586,12.992471694946289,-11.451833724975586,9.242636680603027,0,0,0,0,0,0,10000.001953125,50000.0,39426.796875,0.0,0.0,0.0,10.300000190734863,70.19999694824219,58.45477294921875,0.0,0.0,0.0
28,0.001393,1.5665,0,0,0.3157272934913635,0.4220302402973175,-0.18724951148033142,0.3157272934913635,11.633695602416992,13.37124252319336,-11.633695602416992,9.53210735321045,0,0,0,0,0,0,10000.001953125,50000.0,39702.63671875,0.0,0.0,0.0,10.300000190734863,70.19999694824219,59.43655014038086,0.0,0.0,0.0
29,0.001586,1.5708,0,0,0.3157272934913635,0.4220302402973175,-0.18724951148033142,0.3157272934913635,23.65920066833496,29.64463233947754,-10.930778503417969,23.65920066833496,0,0,0,0,0,0,10000.001953125,50000.0,39495.80859375,0.0,0.0,0.0,10.300000190734863,70.19999694824219,58.94892501831055,0.0,0.0,0.0
30,0.001431,1.5758,0,0,0.3157272934913635,0.4220302402973175,-0.18724951148033142,0.3157272934913635,22.994365692138672,26.1720027923584,-11.087108612060547,22.994365692138672,0,0,0,0,0,0,10000.001953125,50000.0,39684.3203125,0.0,0.0,0.0,10.300000190734863,70.19999694824219,59.061038970947266,0.0,0.0,0.0
31,0.001405,1.5858,0,0,0.3157272934913635,0.4220302402973175,-0.18724951148033142,0.3157272934913635,10.641175270080566,13.292793273925781,-10.641175270080566,10.34626293182373,0,0,0,0,0,0,10000.001953125,50000.0,39953.8515625,0.0,0.0,0.0,10.300000190734863,70.19999694824219,59.488399505615234,0.0,0.0,0.0
32,1.296911,1.5718,0,0,49.604087829589844,50.338504791259766,-38.25696563720703,49.604087829589844,99993.5234375,99994.4609375,-99978.609375,99993.5234375,0,0,0,0,0,0,10000.001953125,50000.0,39529.83203125,0.0,0.0,0.0,10.300000190734863,70.19999694824219,58.84041213989258,0.0,0.0,0.0
33,0.001424,1.5720,0,0,0.3157272934913635,0.4220302402973175,-0.18724951148033142,0.3157272934913635,10.644756317138672,12.985560417175293,-10.644756317138672,9.495169639587402,0,0,0,0,0,0,10000.001953125,50000.0,39699.21484375,0.0,0.0,0.0,10.300000190734863,70.19999694824219,58.84504699707031,0.0,0.0,0.0
34,0.001453,1.5724,0,0,0.3157272934913635,0.4220302402973175,-0.18724951148033142,0.3157272934913635,10.477777481079102,12.563080787658691,-10.477777481079102,9.144754409790039,0,0,0,0,0,0,10000.001953125,50000.0,39860.67578125,0.0,0.0,0.0,10.300000190734863,70.19999694824219,59.26666259765625,0.0,0.0,0.0
35,0.001391,1.5716,0,0,0.3157272934913635,0.4220302402973175,-0.18724951148033142,0.3157272934913635,11.064604759216309,12.854778289794922,-11.064604759216309,9.569802284240723,0,0,0,0,0,0,10000.001953125,50000.0,39596.109375,0.0,0.0,0.0,10.300000190734863,70.19999694824219,58.961727142333984,0.0,0.0,0.0
36,0.001535,1.5779,0,0,0.3157272934913635,0.4220302402973175,-0.18724951148033142,0.3157272934913635,20.050580978393555,23.159515380859375,-10.947957038879395,20.050580978393555,0,0,0,0,0,0,10000.001953125,50000.0,39532.4765625,0.0,0.0,0.0,10.300000190734863,70.19999694824219,59.264503479003906,0.0,0.0,0.0
37,0.001442,1.5741,0,0,0.3157272934913635,0.4220302402973175,-0.18724951148033142,0.3157272934913635,11.168563842773438,12.794442176818848,-11.168563842773438,9.769028663635254,0,0,0,0,0,0,10000.001953125,50000.0,39495.81640625,0.0,0.0,0.0,10.300000190734863,70.19999694824219,59.14059066772461,0.0,0.0,0.0
38,0.001415,1.5894,0,0,0.3157272934913635,0.4220302402973175,-0.18724951148033142,0.3157272934913635,11.056329727172852,13.489226341247559,-11.056329727172852,10.612412452697754,0,0,0,0,0,0,10000.001953125,50000.0,39807.66015625,0.0,0.0,0.0,10.300000190734863,70.19999694824219,59.24861145019531,0.0,0.0,0.0
39,0.001533,1.5678,0,0,0.3157272934913635,0.4220302402973175,-0.18724951148033142,0.3157272934913635,25.07755470275879,31.434043884277344,-10.907724380493164,25.07755470275879,0,0,0,0,0,0,10000.001953125,50000.0,39481.0859375,0.0,0.0,0.0,10.300000190734863,70.19999694824219,59.04090881347656,0.0,0.0,0.0
40,0.001403,1.5628,0,0,0.3157272934913635,0.4220302402973175,-0.18724951148033142,0.3157272934913635,22.83673095703125,32.06383514404297,-10.7853364944458,22.83673095703125,0,0,0,0,0,0,10000.001953125,50000.0,39657.3359375,0.0,0.0,0.0,10.300000190734863,70.19999694824219,59.0992546081543,0.0,0.0,0.0
41,0.001477,1.5792,0,0,0.3157272934913635,0.4220302402973175,-0.18724951148033142,0.3157272934913635,26.690326690673828,32.067073822021484,-10.930143356323242,26.690326690673828,0,0,0,0,0,0,10000.001953125,50000.0,39787.265625,0.0,0.0,0.0,10.300000190734863,70.19999694824219,59.15675735473633,0.0,0.0,0.0
42,0.001390,1.5773,0,0,0.3157272934913635,0.4220302402973175,-0.18724951148033142,0.3157272934913635,11.117731094360352,13.743026733398438,-10.9019193649292,11.117731094360352,0,0,0,0,0,0,10000.001953125,50000.0,39653.69921875,0.0,0.0,0.0,10.300000190734863,70.19999694824219,58.84566116333008,0.0,0.0,0.0
43,0.001394,1.5744,0,0,0.3157272934913635,0.4220302402973175,-0.18724951148033142,0.3157272934913635,11.144482612609863,14.67966079711914,-11.144482612609863,11.138701438903809,0,0,0,0,0,0,10000.001953125,50000.0,39778.140625,0.0,0.0,0.0,10.300000190734863,70.19999694824219,59.201412200927734,0.0,0.0,0.0
44,0.001434,1.5710,0,0,0.3157272934913635,0.4220302402973175,-0.18724951148033142,0.3157272934913635,12.551835060119629,14.515457153320312,-11.698953628540039,12.551835060119629,0,0,0,0,0,0,10000.001953125,50000.0,39613.6328125,0.0,0.0,0.0,10.300000190734863,70.19999694824219,58.82876968383789,0.0,0.0,0.0
45,0.001570,1.5764,0,0,0.3157272934913635,0.4220302402973175,-0.18724951148033142,0.3157272934913635,16.642499923706055,19.07431411743164,-10.878938674926758,16.642499923706055,0,0,0,0,0,0,10000.001953125,50000.0,39496.37109375,0.0,0.0,0.0,10.300000190734863,70.19999694824219,59.02822494506836,0.0,0.0,0.0
46,0.001542,1.6041,0,0,0.3157272934913635,0.4220302402973175,-0.18724951148033142,0.3157272934913635,30.203166961669922,33.26353454589844,-10.928510665893555,30.203166961669922,0,0,0,0,0,0,10000.001953125,50000.0,39646.5859375,0.0,0.0,0.0,10.300000190734863,70.19999694824219,59.03385925292969,0.0,0.0,0.0
47,0.001466,1.5703,0,0,0.3157272934913635,0.4220302402973175,-0.18724951148033142,0.3157272934913635,10.738916397094727,12.505799293518066,-9.961522102355957,10.738916397094727,0,0,0,0,0,0,10000.001953125,50000.0,39821.34765625,0.0,0.0,0.0,10.300000190734863,70.19999694824219,59.1505012512207,0.0,0.0,0.0
48,0.001506,1.5655,0,0,0.3157272934913635,0.4220302402973175,-0.18724951148033142,0.3157272934913635,10.60425853729248,12.827380180358887,-10.60425853729248,9.352072715759277,0,0,0,0,0,0,10000.001953125,50000.0,39551.66015625,0.0,0.0,0.0,10.300000190734863,70.19999694824219,58.84510803222656,0.0,0.0,0.0
49,0.001432,1.5666,0,0,0.3157272934913635,0.4220302402973175,-0.18724951148033142,0.3157272934913635,12.004870414733887,14.45854377746582,-11.778690338134766,12.004870414733887,0,0,0,0,0,0,10000.001953125,50000.0,39901.15234375,0.0,0.0,0.0,10.300000190734863,70.19999694824219,59.35020065307617,0.0,0.0,0.0
50,0.001679,1.5628,0,0,0.3157272934913635,0.4220302402973175,-0.18724951148033142,0.3157272934913635,9.560321807861328,11.434839248657227,-8.17416000366211,9.560321807861328,0,0,0,0,0,0,10000.001953125,50000.0,39750.625,0.0,0.0,0.0,10.300000190734863,70.19999694824219,59.1823616027832,0.0,0.0,0.0
51,0.001430,1.5692,0,0,0.3157272934913635,0.4220302402973175,-0.18724951148033142,0.3157272934913635,10.529516220092773,12.439010620117188,-10.529516220092773,9.766014099121094,0,0,0,0,0,0,10000.001953125,50000.0,39841.16015625,0.0,0.0,0.0,10.300000190734863,70.19999694824219,58.99120330810547,0.0,0.0,0.0
52,0.001495,1.5718,0,0,0.3157272934913635,0.4220302402973175,-0.18724951148033142,0.3157272934913635,10.665265083312988,12.730448722839355,-10.665265083312988,9.264303207397461,0,0,0,0,0,0,10000.001953125,50000.0,39864.33984375,0.0,0.0,0.0,10.300000190734863,70.19999694824219,59.123878479003906,0.0,0.0,0.0
53,0.001569,1.5834,0,0,0.3157272934913635,0.4220302402973175,-0.18724951148033142,0.3157272934913635,24.89694595336914,35.24305725097656,-9.336334228515625,24.89694595336914,0,0,0,0,0,0,10000.001953125,50000.0,39860.93359375,0.0,0.0,0.0,10.300000190734863,70.19999694824219,59.22958755493164,0.0,0.0,0.0
54,0.001458,1.5921,0,0,0.3157272934913635,0.4220302402973175,-0.18724951148033142,0.3157272934913635,7.851974010467529,11.123692512512207,-7.1612749099731445,7.851974010467529,0,0,0,0,0,0,10000.001953125,50000.0,39634.5859375,0.0,0.0,0.0,10.300000190734863,70.19999694824219,58.73994827270508,0.0,0.0,0.0
55,0.001453,1.5865,0,0,0.3157272934913635,0.4220302402973175,-0.18724951148033142,0.3157272934913635,11.983681678771973,13.344043731689453,-11.983681678771973,10.81905746459961,0,0,0,0,0,0,10000.001953125,50000.0,39927.5546875,0.0,0.0,0.0,10.300000190734863,70.19999694824219,59.3639030456543,0.0,0.0,0.0
56,0.001529,1.5809,0,0,0.3157272934913635,0.4220302402973175,-0.18724951148033142,0.3157272934913635,12.119063377380371,14.16063117980957,-12.105915069580078,12.119063377380371,0,0,0,0,0,0,10000.001953125,50000.0,39695.125,0.0,0.0,0.0,10.300000190734863,70.19999694824219,58.67123031616211,0.0,0.0,0.0
57,0.001424,1.5651,0,0,0.3157272934913635,0.4220302402973175,-0.18724951148033142,0.3157272934913635,12.565535545349121,13.757797241210938,-12.565535545349121,10.42573356628418,0,0,0,0,0,0,10000.001953125,50000.0,39997.60546875,0.0,0.0,0.0,10.300000190734863,70.19999694824219,59.301753997802734,0.0,0.0,0.0
58,0.001393,1.5700,0,0,0.3157272934913635,0.4220302402973175,-0.18724951148033142,0.3157272934913635,13.117572784423828,14.135284423828125,-13.117572784423828,11.138192176818848,0,0,0,0,0,0,10000.001953125,50000.0,39766.4609375,0.0,0.0,0.0,10.300000190734863,70.19999694824219,58.29214096069336,0.0,0.0,0.0
59,0.001544,1.5788,0,0,0.3157272934913635,0.4220302402973175,-0.18724951148033142,0.3157272934913635,10.886982917785645,12.608698844909668,-10.886982917785645,9.185173988342285,0,0,0,0,0,0,10000.001953125,50000.0,40021.44921875,0.0,0.0,0.0,10.300000190734863,70.19999694824219,59.450565338134766,0.0,0.0,0.0
60,0.001526,1.5739,0,0,0.3157272934913635,0.4220302402973175,-0.18724951148033142,0.3157272934913635,11.012056350708008,12.954080581665039,-11.012056350708008,9.279313087463379,0,0,0,0,0,0,10000.001953125,50000.0,39730.98046875,0.0,0.0,0.0,10.300000190734863,70.19999694824219,58.37800216674805,0.0,0.0,0.0
61,0.001402,1.5755,0,0,0.3157272934913635,0.4220302402973175,-0.18724951148033142,0.3157272934913635,11.23629093170166,14.257810592651367,-11.23629093170166,10.799448013305664,0,0,0,0,0,0,10000.001953125,50000.0,40172.328125,0.0,0.0,0.0,10.300000190734863,70.19999694824219,59.339195251464844,0.0,0.0,0.0
62,0.001446,1.5802,0,0,0.3157272934913635,0.4220302402973175,-0.18724951148033142,0.3157272934913635,12.942761421203613,14.380434036254883,-12.942761421203613,11.109840393066406,0,0,0,0,0,0,10000.001953125,50000.0,39850.77734375,0.0,0.0,0.0,10.300000190734863,70.19999694824219,59.229373931884766,0.0,0.0,0.0
63,0.001429,1.5880,0,0,0.3157272934913635,0.4220302402973175,-0.18724951148033142,0.3157272934913635,14.64980697631836,17.757766723632812,-11.111355781555176,14.64980697631836,0,0,0,0,0,0,10000.001953125,50000.0,40098.45703125,0.0,0.0,0.0,10.300000190734863,70.19999694824219,59.75375747680664,0.0,0.0,0.0
64,0.001413,1.5733,0,0,0.3157272934913635,0.4220302402973175,-0.18724951148033142,0.3157272934913635,11.451128005981445,12.461886405944824,-9.074105262756348,11.451128005981445,0,0,0,0,0,0,10000.001953125,50000.0,40093.859375,0.0,0.0,0.0,10.300000190734863,70.19999694824219,59.68230438232422,0.0,0.0,0.0
65,0.001527,1.5894,0,0,0.3157272934913635,0.4220302402973175,-0.18724951148033142,0.3157272934913635,11.107673645019531,12.716279983520508,-11.107673645019531,10.211844444274902,0,0,0,0,0,0,10000.001953125,50000.0,40023.0234375,0.0,0.0,0.0,10.300000190734863,70.19999694824219,59.83176040649414,0.0,0.0,0.0
66,0.001593,1.5685,0,0,0.3157272934913635,0.4220302402973175,-0.18724951148033142,0.3157272934913635,11.099224090576172,14.421196937561035,-9.975897789001465,11.099224090576172,0,0,0,0,0,0,10000.001953125,50000.0,40206.0,0.0,0.0,0.0,10.300000190734863,70.19999694824219,60.19285583496094,0.0,0.0,0.0
67,0.001406,1.5857,0,0,0.3157272934913635,0.4220302402973175,-0.18724951148033142,0.3157272934913635,12.34471321105957,13.712261199951172,-12.34471321105957,10.316771507263184,0,0,0,0,0,0,10000.001953125,50000.0,39844.9375,0.0,0.0,0.0,10.300000190734863,70.19999694824219,59.650604248046875,0.0,0.0,0.0
68,0.001427,1.5761,0,0,0.3157272934913635,0.4220302402973175,-0.18724951148033142,0.3157272934913635,10.778861999511719,12.896162986755371,-10.778861999511719,9.29997444152832,0,0,0,0,0,0,10000.001953125,50000.0,39757.3359375,0.0,0.0,0.0,10.300000190734863,70.19999694824219,59.41040802001953,0.0,0.0,0.0
69,0.001523,1.5746,0,0,0.3157272934913635,0.4220302402973175,-0.18724951148033142,0.3157272934913635,10.430777549743652,14.247481346130371,-9.459758758544922,10.430777549743652,0,0,0,0,0,0,10000.001953125,50000.0,40558.2734375,0.0,0.0,0.0,10.300000190734863,70.19999694824219,60.396671295166016,0.0,0.0,0.0
70,0.001419,1.5678,0,0,0.3157272934913635,0.4220302402973175,-0.18724951148033142,0.3157272934913635,11.325662612915039,13.11367130279541,-11.325662612915039,9.574532508850098,0,0,0,0,0,0,10000.001953125,50000.0,40042.375,0.0,0.0,0.0,10.300000190734863,70.19999694824219,58.70078659057617,0.0,0.0,0.0
71,0.001475,1.5716,0,0,0.3157272934913635,0.4220302402973175,-0.18724951148033142,0.3157272934913635,11.97783088684082,13.426848411560059,-11.97783088684082,9.89440631866455,0,0,0,0,0,0,10000.001953125,50000.0,40444.32421875,0.0,0.0,0.0,10.300000190734863,70.19999694824219,60.1827507019043,0.0,0.0,0.0
72,0.001595,1.5906,0,0,0.3157272934913635,0.4220302402973175,-0.18724951148033142,0.3157272934913635,10.110579490661621,13.49116039276123,-9.425017356872559,10.110579490661621,0,0,0,0,0,0,10000.001953125,50000.0,40516.95703125,0.0,0.0,0.0,10.300000190734863,70.19999694824219,60.475608825683594,0.0,0.0,0.0
73,0.001390,1.5758,0,0,0.3157272934913635,0.4220302402973175,-0.18724951148033142,0.3157272934913635,7.6889424324035645,10.486604690551758,-7.6889424324035645,7.491577625274658,0,0,0,0,0,0,10000.001953125,50000.0,39999.6875,0.0,0.0,0.0,10.300000190734863,70.19999694824219,59.08964920043945,0.0,0.0,0.0
74,0.001417,1.5732,0,0,0.3157272934913635,0.4220302402973175,-0.18724951148033142,0.3157272934913635,10.878256797790527,13.446293830871582,-10.878256797790527,10.157989501953125,0,0,0,0,0,0,10000.001953125,50000.0,40152.9609375,0.0,0.0,0.0,10.300000190734863,70.19999694824219,59.06793975830078,0.0,0.0,0.0
75,0.001403,1.5650,0,0,0.3157272934913635,0.4220302402973175,-0.18724951148033142,0.3157272934913635,11.48173999786377,12.655228614807129,-9.574884414672852,11.48173999786377,0,0,0,0,0,0,10000.001953125,50000.0,40296.47265625,0.0,0.0,0.0,10.300000190734863,70.19999694824219,59.541988372802734,0.0,0.0,0.0
76,0.001398,1.5624,0,0,0.3157272934913635,0.4220302402973175,-0.18724951148033142,0.3157272934913635,12.088003158569336,14.486865997314453,-12.088003158569336,11.255866050720215,0,0,0,0,0,0,10000.001953125,50000.0,40158.40234375,0.0,0.0,0.0,10.300000190734863,70.19999694824219,59.58681106567383,0.0,0.0,0.0
77,0.001392,1.5692,0,0,0.3157272934913635,0.4220302402973175,-0.18724951148033142,0.3157272934913635,11.059473991394043,13.757532119750977,-11.059473991394043,10.93443489074707,0,0,0,0,0,0,10000.001953125,50000.0,40163.60546875,0.0,0.0,0.0,10.300000190734863,70.19999694824219,59.29666519165039,0.0,0.0,0.0
78,0.001552,1.5666,0,0,0.3157272934913635,0.4220302402973175,-0.18724951148033142,0.3157272934913635,13.665932655334473,17.169273376464844,-13.665932655334473,10.757478713989258,0,0,0,0,0,0,10000.001953125,50000.0,40556.9921875,0.0,0.0,0.0,10.300000190734863,70.19999694824219,60.144378662109375,0.0,0.0,0.0
79,0.001396,1.6011,0,0,0.3157272934913635,0.4220302402973175,-0.18724951148033142,0.3157272934913635,10.87957763671875,12.324389457702637,-9.241792678833008,10.87957763671875,0,0,0,0,0,0,10000.001953125,50000.0,40463.5234375,0.0,0.0,0.0,10.300000190734863,70.19999694824219,60.07563781738281,0.0,0.0,0.0
80,0.001526,1.5683,0,0,0.3157272934913635,0.4220302402973175,-0.18724951148033142,0.3157272934913635,29.123632431030273,35.46371841430664,-29.123632431030273,19.660295486450195,0,0,0,0,0,0,10000.001953125,50000.0,40377.79296875,0.0,0.0,0.0,10.300000190734863,70.19999694824219,60.22834777832031,0.0,0.0,0.0
81,0.001376,1.5799,0,0,0.3157272934913635,0.4220302402973175,-0.18724951148033142,0.3157272934913635,11.99994945526123,14.741519927978516,-11.99994945526123,11.71055793762207,0,0,0,0,0,0,10000.001953125,50000.0,40277.75,0.0,0.0,0.0,10.300000190734863,70.19999694824219,60.116111755371094,0.0,0.0,0.0
82,0.001530,1.5759,0,0,0.3157272934913635,0.4220302402973175,-0.18724951148033142,0.3157272934913635,24.274057388305664,34.39723205566406,-9.258146286010742,24.274057388305664,0,0,0,0,0,0,10000.001953125,50000.0,40342.9296875,0.0,0.0,0.0,10.300000190734863,70.19999694824219,60.26603698730469,0.0,0.0,0.0
83,0.001528,1.5696,0,0,0.3157272934913635,0.4220302402973175,-0.18724951148033142,0.3157272934913635,10.894336700439453,12.502971649169922,-10.894336700439453,9.69018268585205,0,0,0,0,0,0,10000.001953125,50000.0,40208.52734375,0.0,0.0,0.0,10.300000190734863,70.19999694824219,60.21476745605469,0.0,0.0,0.0
84,0.001574,1.5751,0,0,0.3157272934913635,0.4220302402973175,-0.18724951148033142,0.3157272934913635,8.920635223388672,10.950161933898926,-8.141682624816895,8.920635223388672,0,0,0,0,0,0,10000.001953125,50000.0,40464.55859375,0.0,0.0,0.0,10.300000190734863,70.19999694824219,60.778812408447266,0.0,0.0,0.0
85,0.001406,1.5735,0,0,0.3157272934913635,0.4220302402973175,-0.18724951148033142,0.3157272934913635,11.17642879486084,13.057707786560059,-11.17642879486084,8.958609580993652,0,0,0,0,0,0,10000.001953125,50000.0,40190.63671875,0.0,0.0,0.0,10.300000190734863,70.19999694824219,60.20244598388672,0.0,0.0,0.0
86,0.001552,1.5793,0,0,0.3157272934913635,0.4220302402973175,-0.18724951148033142,0.3157272934913635,21.035364151000977,27.848209381103516,-11.916010856628418,21.035364151000977,0,0,0,0,0,0,10000.001953125,50000.0,40636.3359375,0.0,0.0,0.0,10.300000190734863,70.19999694824219,61.108917236328125,0.0,0.0,0.0
87,0.001444,1.6072,0,0,0.3157272934913635,0.4220302402973175,-0.18724951148033142,0.3157272934913635,11.361519813537598,13.000884056091309,-11.361519813537598,8.585238456726074,0,0,0,0,0,0,10000.001953125,50000.0,40328.96875,0.0,0.0,0.0,10.300000190734863,70.19999694824219,60.43853759765625,0.0,0.0,0.0
88,0.001559,1.5790,0,0,0.3157272934913635,0.4220302402973175,-0.18724951148033142,0.3157272934913635,11.549102783203125,13.464268684387207,-11.549102783203125,10.125497817993164,0,0,0,0,0,0,10000.001953125,50000.0,40477.37890625,0.0,0.0,0.0,10.300000190734863,70.19999694824219,61.18135070800781,0.0,0.0,0.0
89,0.001386,1.5751,0,0,0.3157272934913635,0.4220302402973175,-0.18724951148033142,0.3157272934913635,11.381157875061035,13.140172004699707,-11.381157875061035,9.691522598266602,0,0,0,0,0,0,10000.001953125,50000.0,40283.9609375,0.0,0.0,0.0,10.300000190734863,70.19999694824219,60.668060302734375,0.0,0.0,0.0
90,0.001547,1.5602,0,0,0.3157272934913635,0.4220302402973175,-0.18724951148033142,0.3157272934913635,14.570817947387695,17.59272003173828,-11.88079833984375,14.570817947387695,0,0,0,0,0,0,10000.001953125,50000.0,40461.2109375,0.0,0.0,0.0,10.300000190734863,70.19999694824219,61.33405303955078,0.0,0.0,0.0
91,0.001418,1.5831,0,0,0.3157272934913635,0.4220302402973175,-0.18724951148033142,0.3157272934913635,11.695734024047852,13.340858459472656,-11.695734024047852,10.370182991027832,0,0,0,0,0,0,10000.001953125,50000.0,40365.8125,0.0,0.0,0.0,10.300000190734863,70.19999694824219,60.75850296020508,0.0,0.0,0.0
92,0.001422,1.5866,0,0,0.3157272934913635,0.4220302402973175,-0.18724951148033142,0.3157272934913635,17.001646041870117,22.82192039489746,-14.575471878051758,17.001646041870117,0,0,0,0,0,0,10000.001953125,50000.0,40619.5625,0.0,0.0,0.0,10.300000190734863,70.19999694824219,61.28010177612305,0.0,0.0,0.0
93,0.001470,1.5757,0,0,0.3157272934913635,0.4220302402973175,-0.18724951148033142,0.3157272934913635,11.96489429473877,13.374489784240723,-11.96489429473877,9.643043518066406,0,0,0,0,0,0,10000.001953125,50000.0,40348.19140625,0.0,0.0,0.0,10.300000190734863,70.19999694824219,60.72197723388672,0.0,0.0,0.0
94,0.001460,1.5820,0,0,0.3157272934913635,0.4220302402973175,-0.18724951148033142,0.3157272934913635,26.15146827697754,35.874053955078125,-9.684666633605957,26.15146827697754,0,0,0,0,0,0,10000.001953125,50000.0,40475.89453125,0.0,0.0,0.0,10.300000190734863,70.19999694824219,61.0894660949707,0.0,0.0,0.0
95,0.001482,1.5776,0,0,0.3157272934913635,0.4220302402973175,-0.18724951148033142,0.3157272934913635,10.46141242980957,12.519538879394531,-10.46141242980957,9.338871002197266,0,0,0,0,0,0,10000.001953125,50000.0,40247.7734375,0.0,0.0,0.0,10.300000190734863,70.19999694824219,60.611419677734375,0.0,0.0,0.0
96,0.001424,1.5862,0,0,0.3157272934913635,0.4220302402973175,-0.18724951148033142,0.3157272934913635,10.957191467285156,12.414955139160156,-9.048165321350098,10.957191467285156,0,0,0,0,0,0,10000.001953125,50000.0,40366.79296875,0.0,0.0,0.0,10.300000190734863,70.19999694824219,61.20530700683594,0.0,0.0,0.0
97,0.001503,1.5787,0,0,0.3157272934913635,0.4220302402973175,-0.18724951148033142,0.3157272934913635,13.477808952331543,14.92551326751709,-10.498958587646484,13.477808952331543,0,0,0,0,0,0,10000.001953125,50000.0,40161.23828125,0.0,0.0,0.0,10.300000190734863,70.19999694824219,60.69279861450195,0.0,0.0,0.0
98,0.001411,1.5682,0,0,0.3157272934913635,0.4220302402973175,-0.18724951148033142,0.3157272934913635,24.144350051879883,26.850887298583984,-10.377696990966797,24.144350051879883,0,0,0,0,0,0,10000.001953125,50000.0,40439.78125,0.0,0.0,0.0,10.300000190734863,70.19999694824219,61.241214752197266,0.0,0.0,0.0
99,0.001491,1.5833,0,0,0.3157272934913635,0.4220302402973175,-0.18724951148033142,0.3157272934913635,11.178277015686035,12.828838348388672,-11.178277015686035,9.075626373291016,0,0,0,0,0,0,10000.001953125,50000.0,40334.34375,0.0,0.0,0.0,10.300000190734863,70.19999694824219,60.81106185913086,0.0,0.0,0.0
100,0.001413,1.5711,0,0,0.3157272934913635,0.4220302402973175,-0.18724951148033142,0.3157272934913635,10.910318374633789,12.07846736907959,-8.936680793762207,10.910318374633789,0,0,0,0,0,0,10000.001953125,50000.0,40507.05859375,0.0,0.0,0.0,10.300000190734863,70.19999694824219,61.06194305419922,0.0,0.0,0.0
101,0.001408,1.6286,0,0,0.3157272934913635,0.4220302402973175,-0.18724951148033142,0.3157272934913635,10.962916374206543,12.81523323059082,-10.962916374206543,9.314513206481934,0,0,0,0,0,0,10000.001953125,50000.0,40212.23046875,0.0,0.0,0.0,10.300000190734863,70.19999694824219,60.512290954589844,0.0,0.0,0.0
102,0.001434,1.5931,0,0,0.3157272934913635,0.4220302402973175,-0.18724951148033142,0.3157272934913635,13.624855995178223,15.243118286132812,-13.624855995178223,11.649205207824707,0,0,0,0,0,0,10000.001953125,50000.0,40136.65625,0.0,0.0,0.0,10.300000190734863,70.19999694824219,60.62876510620117,0.0,0.0,0.0
103,0.001424,1.5742,0,0,0.3157272934913635,0.4220302402973175,-0.18724951148033142,0.3157272934913635,10.4966459274292,12.121358871459961,-10.4966459274292,8.789390563964844,0,0,0,0,0,0,10000.001953125,50000.0,40240.52734375,0.0,0.0,0.0,10.300000190734863,70.19999694824219,61.07929611206055,0.0,0.0,0.0
104,0.001340,1.5873,0,0,0.3157272934913635,0.4220302402973175,-0.18724951148033142,0.3157272934913635,11.818087577819824,13.274538040161133,-11.818087577819824,9.786149978637695,0,0,0,0,0,0,10000.001953125,50000.0,40253.04296875,0.0,0.0,0.0,10.300000190734863,70.19999694824219,60.9017219543457,0.0,0.0,0.0
105,0.001407,1.5987,0,0,0.3157272934913635,0.4220302402973175,-0.18724951148033142,0.3157272934913635,10.474257469177246,11.915484428405762,-10.474257469177246,8.988092422485352,0,0,0,0,0,0,10000.001953125,50000.0,40318.0859375,0.0,0.0,0.0,10.300000190734863,70.19999694824219,61.184486389160156,0.0,0.0,0.0
106,0.001438,1.6109,0,0,0.3157272934913635,0.4220302402973175,-0.18724951148033142,0.3157272934913635,11.127449989318848,12.713003158569336,-11.127449989318848,9.277867317199707,0,0,0,0,0,0,10000.001953125,50000.0,40006.11328125,0.0,0.0,0.0,10.300000190734863,70.19999694824219,60.60149383544922,0.0,0.0,0.0
107,0.001399,1.5829,0,0,0.3157272934913635,0.4220302402973175,-0.18724951148033142,0.3157272934913635,11.501516342163086,13.099623680114746,-11.501516342163086,9.830885887145996,0,0,0,0,0,0,10000.001953125,50000.0,40233.2578125,0.0,0.0,0.0,10.300000190734863,70.19999694824219,61.18898010253906,0.0,0.0,0.0
108,0.001405,1.5672,0,0,0.3157272934913635,0.4220302402973175,-0.18724951148033142,0.3157272934913635,10.743192672729492,12.211783409118652,-10.743192672729492,8.850428581237793,0,0,0,0,0,0,10000.001953125,50000.0,40071.1328125,0.0,0.0,0.0,10.300000190734863,70.19999694824219,60.61159133911133,0.0,0.0,0.0
109,0.001397,1.6221,0,0,0.3157272934913635,0.4220302402973175,-0.18724951148033142,0.3157272934913635,10.532413482666016,12.56595230102539,-10.532413482666016,9.875638961791992,0,0,0,0,0,0,10000.001953125,50000.0,40245.03125,0.0,0.0,0.0,10.300000190734863,70.19999694824219,61.23409652709961,0.0,0.0,0.0
110,0.001416,1.5900,0,0,0.3157272934913635,0.4220302402973175,-0.18724951148033142,0.3157272934913635,8.564003944396973,10.581324577331543,-7.957858562469482,8.564003944396973,0,0,0,0,0,0,10000.001953125,50000.0,39978.29296875,0.0,0.0,0.0,10.300000190734863,70.19999694824219,60.74915313720703,0.0,0.0,0.0
111,0.001417,1.5793,0,0,0.3157272934913635,0.4220302402973175,-0.18724951148033142,0.3157272934913635,11.344719886779785,12.843811988830566,-11.344719886779785,9.4743013381958,0,0,0,0,0,0,10000.001953125,50000.0,40198.4296875,0.0,0.0,0.0,10.300000190734863,70.19999694824219,61.186336517333984,0.0,0.0,0.0
112,0.001454,1.5777,0,0,0.3157272934913635,0.4220302402973175,-0.18724951148033142,0.3157272934913635,10.53404712677002,12.198647499084473,-10.53404712677002,9.039454460144043,0,0,0,0,0,0,10000.001953125,50000.0,39932.484375,0.0,0.0,0.0,10.300000190734863,70.19999694824219,60.5942268371582,0.0,0.0,0.0
113,0.001509,1.5867,0,0,0.3157272934913635,0.4220302402973175,-0.18724951148033142,0.3157272934913635,10.910587310791016,12.245354652404785,-9.835512161254883,10.910587310791016,0,0,0,0,0,0,10000.001953125,50000.0,40154.8125,0.0,0.0,0.0,10.300000190734863,70.19999694824219,61.09285354614258,0.0,0.0,0.0
114,0.001433,1.5772,0,0,0.3157272934913635,0.4220302402973175,-0.18724951148033142,0.3157272934913635,11.911234855651855,15.034512519836426,-11.911234855651855,11.638860702514648,0,0,0,0,0,0,10000.001953125,50000.0,39997.16015625,0.0,0.0,0.0,10.300000190734863,70.19999694824219,60.686248779296875,0.0,0.0,0.0
115,0.001411,1.6153,0,0,0.3157272934913635,0.4220302402973175,-0.18724951148033142,0.3157272934913635,11.3341646194458,13.82430362701416,-11.3341646194458,10.545695304870605,0,0,0,0,0,0,10000.001953125,50000.0,40109.828125,0.0,0.0,0.0,10.300000190734863,70.19999694824219,60.7679557800293,0.0,0.0,0.0
116,0.001408,1.5920,0,0,0.3157272934913635,0.4220302402973175,-0.18724951148033142,0.3157272934913635,11.032387733459473,12.634913444519043,-11.032387733459473,9.308053016662598,0,0,0,0,0,0,10000.001953125,50000.0,39942.17578125,0.0,0.0,0.0,10.300000190734863,70.19999694824219,60.57514190673828,0.0,0.0,0.0
117,0.001397,1.5802,0,0,0.3157272934913635,0.4220302402973175,-0.18724951148033142,0.3157272934913635,11.279511451721191,12.407814979553223,-9.223612785339355,11.279511451721191,0,0,0,0,0,0,10000.001953125,50000.0,40187.44140625,0.0,0.0,0.0,10.300000190734863,70.19999694824219,61.090736389160156,0.0,0.0,0.0
118,0.001430,1.5846,0,0,0.3157272934913635,0.4220302402973175,-0.18724951148033142,0.3157272934913635,11.447479248046875,12.987151145935059,-11.447479248046875,9.74344539642334,0,0,0,0,0,0,10000.001953125,50000.0,39894.1328125,0.0,0.0,0.0,10.300000190734863,70.19999694824219,60.57530975341797,0.0,0.0,0.0
119,0.001416,1.5896,0,0,0.3157272934913635,0.4220302402973175,-0.18724951148033142,0.3157272934913635,10.994600296020508,12.620731353759766,-10.994600296020508,10.17724609375,0,0,0,0,0,0,10000.001953125,50000.0,39904.19921875,0.0,0.0,0.0,10.300000190734863,70.19999694824219,60.480926513671875,0.0,0.0,0.0
120,0.001369,1.6155,0,0,0.3157272934913635,0.4220302402973175,-0.18724951148033142,0.3157272934913635,10.87328815460205,13.564990043640137,-10.87328815460205,10.675790786743164,0,0,0,0,0,0,10000.001953125,50000.0,40127.85546875,0.0,0.0,0.0,10.300000190734863,70.19999694824219,60.932804107666016,0.0,0.0,0.0
121,0.001384,1.5968,0,0,0.3157272934913635,0.4220302402973175,-0.18724951148033142,0.3157272934913635,11.106976509094238,13.516449928283691,-11.106976509094238,10.119711875915527,0,0,0,0,0,0,10000.001953125,50000.0,39949.12109375,0.0,0.0,0.0,10.300000190734863,70.19999694824219,60.41925048828125,0.0,0.0,0.0
122,0.001423,1.5822,0,0,0.3157272934913635,0.4220302402973175,-0.18724951148033142,0.3157272934913635,11.695076942443848,14.20577335357666,-11.695076942443848,11.03635311126709,0,0,0,0,0,0,10000.001953125,50000.0,40059.46484375,0.0,0.0,0.0,10.300000190734863,70.19999694824219,60.63943862915039,0.0,0.0,0.0
123,0.001423,1.5772,0,0,0.3157272934913635,0.4220302402973175,-0.18724951148033142,0.3157272934913635,11.207695007324219,13.058831214904785,-11.207695007324219,9.690286636352539,0,0,0,0,0,0,10000.001953125,50000.0,39956.94140625,0.0,0.0,0.0,10.300000190734863,70.19999694824219,60.46731948852539,0.0,0.0,0.0
124,0.001413,1.5740,0,0,0.3157272934913635,0.4220302402973175,-0.18724951148033142,0.3157272934913635,12.013296127319336,13.447959899902344,-12.013296127319336,10.08267879486084,0,0,0,0,0,0,10000.001953125,50000.0,40215.74609375,0.0,0.0,0.0,10.300000190734863,70.19999694824219,60.995521545410156,0.0,0.0,0.0
125,0.001395,1.5933,0,0,0.3157272934913635,0.4220302402973175,-0.18724951148033142,0.3157272934913635,11.244383811950684,12.78956127166748,-11.244383811950684,9.502462387084961,0,0,0,0,0,0,10000.001953125,50000.0,39893.5390625,0.0,0.0,0.0,10.300000190734863,70.19999694824219,60.27567672729492,0.0,0.0,0.0
126,0.001436,1.6017,0,0,0.3157272934913635,0.4220302402973175,-0.18724951148033142,0.3157272934913635,10.769163131713867,12.328607559204102,-10.769163131713867,10.028331756591797,0,0,0,0,0,0,10000.001953125,50000.0,40156.875,0.0,0.0,0.0,10.300000190734863,70.19999694824219,60.694217681884766,0.0,0.0,0.0
127,0.001415,1.5786,0,0,0.3157272934913635,0.4220302402973175,-0.18724951148033142,0.3157272934913635,11.498096466064453,12.482837677001953,-9.302087783813477,11.498096466064453,0,0,0,0,0,0,10000.001953125,50000.0,40071.65625,0.0,0.0,0.0,10.300000190734863,70.19999694824219,60.49675750732422,0.0,0.0,0.0
128,0.001395,1.6081,0,0,0.3157272934913635,0.4220302402973175,-0.18724951148033142,0.3157272934913635,10.831696510314941,12.451602935791016,-10.831696510314941,9.297664642333984,0,0,0,0,0,0,10000.001953125,50000.0,40191.5234375,0.0,0.0,0.0,10.300000190734863,70.19999694824219,60.82517623901367,0.0,0.0,0.0
129,0.001389,1.6125,0,0,0.3157272934913635,0.4220302402973175,-0.18724951148033142,0.3157272934913635,11.778329849243164,12.82557487487793,-9.276605606079102,11.778329849243164,0,0,0,0,0,0,10000.001953125,50000.0,40052.546875,0.0,0.0,0.0,10.300000190734863,70.19999694824219,60.50615310668945,0.0,0.0,0.0
130,0.001461,1.6329,0,0,0.3157272934913635,0.4220302402973175,-0.18724951148033142,0.3157272934913635,31.964038848876953,34.674129486083984,-11.08289909362793,31.964038848876953,0,0,0,0,0,0,10000.001953125,50000.0,40250.34765625,0.0,0.0,0.0,10.300000190734863,70.19999694824219,60.652095794677734,0.0,0.0,0.0
131,0.001400,1.5821,0,0,0.3157272934913635,0.4220302402973175,-0.18724951148033142,0.3157272934913635,12.016204833984375,14.289390563964844,-11.514594078063965,12.016204833984375,0,0,0,0,0,0,10000.001953125,50000.0,40007.2265625,0.0,0.0,0.0,10.300000190734863,70.19999694824219,60.082557678222656,0.0,0.0,0.0
132,0.001396,1.6129,0,0,0.3157272934913635,0.4220302402973175,-0.18724951148033142,0.3157272934913635,10.710166931152344,12.303316116333008,-10.710166931152344,9.582828521728516,0,0,0,0,0,0,10000.001953125,50000.0,40336.6640625,0.0,0.0,0.0,10.300000190734863,70.19999694824219,60.725242614746094,0.0,0.0,0.0
133,0.001387,1.5929,0,0,0.3157272934913635,0.4220302402973175,-0.18724951148033142,0.3157272934913635,11.462596893310547,12.421224594116211,-9.484638214111328,11.462596893310547,0,0,0,0,0,0,10000.001953125,50000.0,40130.94921875,0.0,0.0,0.0,10.300000190734863,70.19999694824219,60.49043655395508,0.0,0.0,0.0
134,0.001446,1.5831,0,0,0.3157272934913635,0.4220302402973175,-0.18724951148033142,0.3157272934913635,10.480003356933594,12.270037651062012,-10.480003356933594,9.469679832458496,0,0,0,0,0,0,10000.001953125,50000.0,40169.1875,0.0,0.0,0.0,10.300000190734863,70.19999694824219,60.80567169189453,0.0,0.0,0.0
135,0.001483,1.5854,0,0,0.3157272934913635,0.4220302402973175,-0.18724951148033142,0.3157272934913635,11.681007385253906,13.538470268249512,-9.603760719299316,11.681007385253906,0,0,0,0,0,0,10000.001953125,50000.0,40221.515625,0.0,0.0,0.0,10.300000190734863,70.19999694824219,60.69472122192383,0.0,0.0,0.0
136,0.001415,1.6011,0,0,0.3157272934913635,0.4220302402973175,-0.18724951148033142,0.3157272934913635,11.411199569702148,12.47745418548584,-9.156547546386719,11.411199569702148,0,0,0,0,0,0,10000.001953125,50000.0,40384.43359375,0.0,0.0,0.0,10.300000190734863,70.19999694824219,60.899749755859375,0.0,0.0,0.0
137,0.001516,1.5757,0,0,0.3157272934913635,0.4220302402973175,-0.18724951148033142,0.3157272934913635,9.978439331054688,11.711189270019531,-9.978439331054688,8.679510116577148,0,0,0,0,0,0,10000.001953125,50000.0,40099.98828125,0.0,0.0,0.0,10.300000190734863,70.19999694824219,60.42558288574219,0.0,0.0,0.0
138,0.001436,1.5950,0,0,0.3157272934913635,0.4220302402973175,-0.18724951148033142,0.3157272934913635,13.889392852783203,15.220569610595703,-13.889392852783203,12.714445114135742,0,0,0,0,0,0,10000.001953125,50000.0,40190.19140625,0.0,0.0,0.0,10.300000190734863,70.19999694824219,60.48333740234375,0.0,0.0,0.0
139,0.001399,1.5907,0,0,0.3157272934913635,0.4220302402973175,-0.18724951148033142,0.3157272934913635,10.978628158569336,12.80831527709961,-10.978628158569336,9.257524490356445,0,0,0,0,0,0,10000.001953125,50000.0,40105.109375,0.0,0.0,0.0,10.300000190734863,70.19999694824219,60.355411529541016,0.0,0.0,0.0
140,0.001395,1.5815,0,0,0.3157272934913635,0.4220302402973175,-0.18724951148033142,0.3157272934913635,11.51767635345459,13.785481452941895,-11.174039840698242,11.51767635345459,0,0,0,0,0,0,10000.001953125,50000.0,40376.46484375,0.0,0.0,0.0,10.300000190734863,70.19999694824219,60.92573165893555,0.0,0.0,0.0
141,0.001507,1.5861,0,0,0.3157272934913635,0.4220302402973175,-0.18724951148033142,0.3157272934913635,10.872908592224121,12.22531795501709,-10.872908592224121,10.346158027648926,0,0,0,0,0,0,10000.001953125,50000.0,40111.80078125,0.0,0.0,0.0,10.300000190734863,70.19999694824219,60.29241180419922,0.0,0.0,0.0
142,0.001442,1.5899,0,0,0.3157272934913635,0.4220302402973175,-0.18724951148033142,0.3157272934913635,11.454721450805664,13.957948684692383,-11.195984840393066,11.454721450805664,0,0,0,0,0,0,10000.001953125,50000.0,40390.171875,0.0,0.0,0.0,10.300000190734863,70.19999694824219,61.11441421508789,0.0,0.0,0.0
143,0.001442,1.5761,0,0,0.3157272934913635,0.4220302402973175,-0.18724951148033142,0.3157272934913635,10.621100425720215,12.058913230895996,-10.621100425720215,8.996291160583496,0,0,0,0,0,0,10000.001953125,50000.0,40092.1484375,0.0,0.0,0.0,10.300000190734863,70.19999694824219,60.546451568603516,0.0,0.0,0.0
144,0.001449,1.6029,0,0,0.3157272934913635,0.4220302402973175,-0.18724951148033142,0.3157272934913635,10.381771087646484,13.635923385620117,-9.177608489990234,10.381771087646484,0,0,0,0,0,0,10000.001953125,50000.0,40269.23046875,0.0,0.0,0.0,10.300000190734863,70.19999694824219,60.5737419128418,0.0,0.0,0.0
145,0.001388,1.5908,0,0,0.3157272934913635,0.4220302402973175,-0.18724951148033142,0.3157272934913635,11.482275009155273,12.445365905761719,-9.266133308410645,11.482275009155273,0,0,0,0,0,0,10000.001953125,50000.0,40388.40234375,0.0,0.0,0.0,10.300000190734863,70.19999694824219,60.92072677612305,0.0,0.0,0.0
146,0.001516,1.5799,0,0,0.3157272934913635,0.4220302402973175,-0.18724951148033142,0.3157272934913635,8.629861831665039,10.810620307922363,-8.032470703125,8.629861831665039,0,0,0,0,0,0,10000.001953125,50000.0,40259.5859375,0.0,0.0,0.0,10.300000190734863,70.19999694824219,60.506927490234375,0.0,0.0,0.0
147,0.001493,1.5764,0,0,0.3157272934913635,0.4220302402973175,-0.18724951148033142,0.3157272934913635,10.645734786987305,12.486665725708008,-10.645734786987305,8.878251075744629,0,0,0,0,0,0,10000.001953125,50000.0,40300.828125,0.0,0.0,0.0,10.300000190734863,70.19999694824219,60.36420822143555,0.0,0.0,0.0
148,0.001424,1.5888,0,0,0.3157272934913635,0.4220302402973175,-0.18724951148033142,0.3157272934913635,12.040121078491211,13.28750991821289,-12.040121078491211,9.684259414672852,0,0,0,0,0,0,10000.001953125,50000.0,40389.96875,0.0,0.0,0.0,10.300000190734863,70.19999694824219,60.779510498046875,0.0,0.0,0.0
149,0.001430,1.5789,0,0,0.3157272934913635,0.4220302402973175,-0.18724951148033142,0.3157272934913635,11.038346290588379,12.545831680297852,-11.038346290588379,9.440103530883789,0,0,0,0,0,0,10000.001953125,50000.0,40398.10546875,0.0,0.0,0.0,10.300000190734863,70.19999694824219,60.81110382080078,0.0,0.0,0.0
150,0.001488,1.5757,0,0,0.3157272934913635,0.4220302402973175,-0.18724951148033142,0.3157272934913635,15.217170715332031,18.226234436035156,-10.346776008605957,15.217170715332031,0,0,0,0,0,0,10000.001953125,50000.0,40302.07421875,0.0,0.0,0.0,10.300000190734863,70.19999694824219,60.8087272644043,0.0,0.0,0.0
151,0.001448,1.5675,0,0,0.3157272934913635,0.4220302402973175,-0.18724951148033142,0.3157272934913635,13.18829345703125,16.238645553588867,-11.076830863952637,13.18829345703125,0,0,0,0,0,0,10000.001953125,50000.0,40400.26171875,0.0,0.0,0.0,10.300000190734863,70.19999694824219,60.91507339477539,0.0,0.0,0.0
152,0.001427,1.5958,0,0,0.3157272934913635,0.4220302402973175,-0.18724951148033142,0.3157272934913635,11.872047424316406,13.195757865905762,-11.872047424316406,9.723348617553711,0,0,0,0,0,0,10000.001953125,50000.0,40386.66015625,0.0,0.0,0.0,10.300000190734863,70.19999694824219,60.69184112548828,0.0,0.0,0.0
153,0.001497,1.5867,0,0,0.3157272934913635,0.4220302402973175,-0.18724951148033142,0.3157272934913635,10.870994567871094,13.693292617797852,-10.870994567871094,10.440732955932617,0,0,0,0,0,0,10000.001953125,50000.0,40313.703125,0.0,0.0,0.0,10.300000190734863,70.19999694824219,60.81188201904297,0.0,0.0,0.0
154,0.001393,1.5644,0,0,0.3157272934913635,0.4220302402973175,-0.18724951148033142,0.3157272934913635,32.48456573486328,35.5768928527832,-13.63338565826416,32.48456573486328,0,0,0,0,0,0,10000.001953125,50000.0,40320.6328125,0.0,0.0,0.0,10.300000190734863,70.19999694824219,60.796287536621094,0.0,0.0,0.0
155,0.001428,1.5723,0,0,0.3157272934913635,0.4220302402973175,-0.18724951148033142,0.3157272934913635,11.019951820373535,12.614161491394043,-11.019951820373535,10.211687088012695,0,0,0,0,0,0,10000.001953125,50000.0,40371.69921875,0.0,0.0,0.0,10.300000190734863,70.19999694824219,60.72066116333008,0.0,0.0,0.0
156,0.001382,1.5759,0,0,0.3157272934913635,0.4220302402973175,-0.18724951148033142,0.3157272934913635,12.621705055236816,13.900069236755371,-12.621705055236816,10.524626731872559,0,0,0,0,0,0,10000.001953125,50000.0,40075.625,0.0,0.0,0.0,10.300000190734863,70.19999694824219,59.453216552734375,0.0,0.0,0.0
157,2.088420,1.5787,0,0,50.73569107055664,52.12324523925781,-50.73569107055664,46.86192321777344,99990.6953125,99994.46875,-99976.40625,99990.6953125,0,0,0,0,0,0,10000.001953125,50000.0,39328.90625,0.0,0.0,0.0,10.300000190734863,70.19999694824219,59.01737976074219,0.0,0.0,0.0
158,0.001395,1.5783,0,0,0.3157272934913635,0.4220302402973175,-0.18724951148033142,0.3157272934913635,11.039079666137695,12.707680702209473,-11.039079666137695,9.46776008605957,0,0,0,0,0,0,10000.001953125,50000.0,40180.7578125,0.0,0.0,0.0,10.300000190734863,70.19999694824219,59.7096061706543,0.0,0.0,0.0
159,0.001404,1.5772,0,0,0.3157272934913635,0.4220302402973175,-0.18724951148033142,0.3157272934913635,10.628734588623047,12.500445365905762,-10.628734588623047,9.601052284240723,0,0,0,0,0,0,10000.001953125,50000.0,40426.2421875,0.0,0.0,0.0,10.300000190734863,70.19999694824219,60.153343200683594,0.0,0.0,0.0
160,0.001411,1.5721,0,0,0.3157272934913635,0.4220302402973175,-0.18724951148033142,0.3157272934913635,17.01584815979004,19.057687759399414,-13.750688552856445,17.01584815979004,0,0,0,0,0,0,10000.001953125,50000.0,40364.8203125,0.0,0.0,0.0,10.300000190734863,70.19999694824219,60.025238037109375,0.0,0.0,0.0
161,0.001433,1.5682,0,0,0.3157272934913635,0.4220302402973175,-0.18724951148033142,0.3157272934913635,12.178833961486816,13.830672264099121,-12.178833961486816,10.41479206085205,0,0,0,0,0,0,10000.001953125,50000.0,40200.0234375,0.0,0.0,0.0,10.300000190734863,70.19999694824219,59.56924057006836,0.0,0.0,0.0
162,0.001496,1.5870,0,0,0.3157272934913635,0.4220302402973175,-0.18724951148033142,0.3157272934913635,11.283597946166992,12.2484712600708,-9.805126190185547,11.283597946166992,0,0,0,0,0,0,10000.001953125,50000.0,40526.515625,0.0,0.0,0.0,10.300000190734863,70.19999694824219,60.626922607421875,0.0,0.0,0.0
163,0.001402,1.5750,0,0,0.3157272934913635,0.4220302402973175,-0.18724951148033142,0.3157272934913635,10.868315696716309,12.269413948059082,-9.489295959472656,10.868315696716309,0,0,0,0,0,0,10000.001953125,50000.0,40200.1015625,0.0,0.0,0.0,10.300000190734863,70.19999694824219,59.81324005126953,0.0,0.0,0.0
164,0.001532,1.5965,0,0,0.3157272934913635,0.4220302402973175,-0.18724951148033142,0.3157272934913635,20.6524600982666,26.745784759521484,-10.17042350769043,20.6524600982666,0,0,0,0,0,0,10000.001953125,50000.0,40456.8984375,0.0,0.0,0.0,10.300000190734863,70.19999694824219,60.70573425292969,0.0,0.0,0.0
165,0.001407,1.5802,0,0,0.3157272934913635,0.4220302402973175,-0.18724951148033142,0.3157272934913635,12.421839714050293,13.978997230529785,-12.421839714050293,10.412384986877441,0,0,0,0,0,0,10000.001953125,50000.0,40384.90234375,0.0,0.0,0.0,10.300000190734863,70.19999694824219,60.18407440185547,0.0,0.0,0.0
166,0.001655,1.5824,0,0,0.3157272934913635,0.4220302402973175,-0.18724951148033142,0.3157272934913635,34.11725997924805,40.549068450927734,-11.174756050109863,34.11725997924805,0,0,0,0,0,0,10000.001953125,50000.0,40556.22265625,0.0,0.0,0.0,10.300000190734863,70.19999694824219,60.81658935546875,0.0,0.0,0.0
167,0.001428,1.5783,0,0,0.3157272934913635,0.4220302402973175,-0.18724951148033142,0.3157272934913635,13.44830322265625,15.07925796508789,-9.427386283874512,13.44830322265625,0,0,0,0,0,0,10000.001953125,50000.0,40583.38671875,0.0,0.0,0.0,10.300000190734863,70.19999694824219,60.54125213623047,0.0,0.0,0.0
168,0.001510,1.5744,0,0,0.3157272934913635,0.4220302402973175,-0.18724951148033142,0.3157272934913635,10.575657844543457,12.102524757385254,-10.575657844543457,9.336675643920898,0,0,0,0,0,0,10000.001953125,50000.0,40413.50390625,0.0,0.0,0.0,10.300000190734863,70.19999694824219,60.30572509765625,0.0,0.0,0.0
169,0.001649,1.5725,0,0,0.3157272934913635,0.4220302402973175,-0.18724951148033142,0.3157272934913635,11.367918968200684,14.849738121032715,-10.575963020324707,11.367918968200684,0,0,0,0,0,0,10000.001953125,50000.0,40664.62890625,0.0,0.0,0.0,10.300000190734863,70.19999694824219,60.9451904296875,0.0,0.0,0.0
170,0.001430,1.5826,0,0,0.3157272934913635,0.4220302402973175,-0.18724951148033142,0.3157272934913635,10.53412914276123,12.205147743225098,-10.53412914276123,8.829021453857422,0,0,0,0,0,0,10000.001953125,50000.0,40447.328125,0.0,0.0,0.0,10.300000190734863,70.19999694824219,60.347267150878906,0.0,0.0,0.0
171,0.001480,1.5660,0,0,0.3157272934913635,0.4220302402973175,-0.18724951148033142,0.3157272934913635,10.463248252868652,12.737199783325195,-10.463248252868652,9.403440475463867,0,0,0,0,0,0,10000.001953125,50000.0,40428.29296875,0.0,0.0,0.0,10.300000190734863,70.19999694824219,60.936676025390625,0.0,0.0,0.0
172,0.001438,1.5806,0,0,0.3157272934913635,0.4220302402973175,-0.18724951148033142,0.3157272934913635,10.704038619995117,12.21338176727295,-10.704038619995117,9.426074981689453,0,0,0,0,0,0,10000.001953125,50000.0,40441.10546875,0.0,0.0,0.0,10.300000190734863,70.19999694824219,60.98310089111328,0.0,0.0,0.0
173,0.001505,1.5881,0,0,0.3157272934913635,0.4220302402973175,-0.18724951148033142,0.3157272934913635,10.762978553771973,12.863463401794434,-10.762978553771973,9.209999084472656,0,0,0,0,0,0,10000.001953125,50000.0,40386.796875,0.0,0.0,0.0,10.300000190734863,70.19999694824219,60.98143768310547,0.0,0.0,0.0
174,0.001436,1.5755,0,0,0.3157272934913635,0.4220302402973175,-0.18724951148033142,0.3157272934913635,10.286808013916016,12.096864700317383,-10.286808013916016,9.605171203613281,0,0,0,0,0,0,10000.001953125,50000.0,40317.73046875,0.0,0.0,0.0,10.300000190734863,70.19999694824219,60.92778015136719,0.0,0.0,0.0
175,0.001391,1.5747,0,0,0.3157272934913635,0.4220302402973175,-0.18724951148033142,0.3157272934913635,21.416690826416016,23.414939880371094,-10.585073471069336,21.416690826416016,0,0,0,0,0,0,10000.001953125,50000.0,39941.41015625,0.0,0.0,0.0,10.300000190734863,70.19999694824219,60.182857513427734,0.0,0.0,0.0
176,0.001376,1.5725,0,0,0.3157272934913635,0.4220302402973175,-0.18724951148033142,0.3157272934913635,11.368578910827637,12.775349617004395,-11.368578910827637,9.436317443847656,0,0,0,0,0,0,10000.001953125,50000.0,39969.0,0.0,0.0,0.0,10.300000190734863,70.19999694824219,60.279048919677734,0.0,0.0,0.0
177,0.001435,1.5872,0,0,0.3157272934913635,0.4220302402973175,-0.18724951148033142,0.3157272934913635,11.240615844726562,12.810935020446777,-11.240615844726562,9.261344909667969,0,0,0,0,0,0,10000.001953125,50000.0,40182.16015625,0.0,0.0,0.0,10.300000190734863,70.19999694824219,60.909114837646484,0.0,0.0,0.0
178,0.001425,1.5686,0,0,0.3157272934913635,0.4220302402973175,-0.18724951148033142,0.3157272934913635,12.172378540039062,14.432954788208008,-12.172378540039062,11.236827850341797,0,0,0,0,0,0,10000.001953125,50000.0,40103.59765625,0.0,0.0,0.0,10.300000190734863,70.19999694824219,60.663299560546875,0.0,0.0,0.0
179,0.001413,1.5730,0,0,0.3157272934913635,0.4220302402973175,-0.18724951148033142,0.3157272934913635,11.230636596679688,12.759852409362793,-11.230636596679688,9.395368576049805,0,0,0,0,0,0,10000.001953125,50000.0,40324.49609375,0.0,0.0,0.0,10.300000190734863,70.19999694824219,60.94777297973633,0.0,0.0,0.0
180,0.001384,1.5707,0,0,0.3157272934913635,0.4220302402973175,-0.18724951148033142,0.3157272934913635,11.261028289794922,13.117100715637207,-11.261028289794922,10.434032440185547,0,0,0,0,0,0,10000.001953125,50000.0,40076.203125,0.0,0.0,0.0,10.300000190734863,70.19999694824219,60.40991973876953,0.0,0.0,0.0
181,0.001484,1.5629,0,0,0.3157272934913635,0.4220302402973175,-0.18724951148033142,0.3157272934913635,11.1493558883667,12.947296142578125,-11.1493558883667,9.074664115905762,0,0,0,0,0,0,10000.001953125,50000.0,40242.9296875,0.0,0.0,0.0,10.300000190734863,70.19999694824219,60.97711181640625,0.0,0.0,0.0
182,0.001412,1.5632,0,0,0.3157272934913635,0.4220302402973175,-0.18724951148033142,0.3157272934913635,11.379509925842285,13.785904884338379,-11.379509925842285,10.721386909484863,0,0,0,0,0,0,10000.001953125,50000.0,40023.34765625,0.0,0.0,0.0,10.300000190734863,70.19999694824219,60.29665756225586,0.0,0.0,0.0
183,0.001514,1.5899,0,0,0.3157272934913635,0.4220302402973175,-0.18724951148033142,0.3157272934913635,10.624992370605469,12.407308578491211,-10.624992370605469,8.978635787963867,0,0,0,0,0,0,10000.001953125,50000.0,40232.37109375,0.0,0.0,0.0,10.300000190734863,70.19999694824219,60.86967849731445,0.0,0.0,0.0
184,0.001553,1.5747,0,0,0.3157272934913635,0.4220302402973175,-0.18724951148033142,0.3157272934913635,9.118448257446289,11.15992546081543,-8.134990692138672,9.118448257446289,0,0,0,0,0,0,10000.001953125,50000.0,40138.80859375,0.0,0.0,0.0,10.300000190734863,70.19999694824219,60.315406799316406,0.0,0.0,0.0
185,0.001389,1.5906,0,0,0.3157272934913635,0.4220302402973175,-0.18724951148033142,0.3157272934913635,10.747312545776367,12.250601768493652,-10.747312545776367,9.167803764343262,0,0,0,0,0,0,10000.001953125,50000.0,40270.91796875,0.0,0.0,0.0,10.300000190734863,70.19999694824219,60.95658493041992,0.0,0.0,0.0
186,0.001406,1.5763,0,0,0.3157272934913635,0.4220302402973175,-0.18724951148033142,0.3157272934913635,11.358014106750488,12.978002548217773,-11.358014106750488,10.287127494812012,0,0,0,0,0,0,10000.001953125,50000.0,40224.640625,0.0,0.0,0.0,10.300000190734863,70.19999694824219,60.42421340942383,0.0,0.0,0.0
187,0.943208,1.5715,0,0,48.03805923461914,48.794715881347656,-37.39962387084961,48.03805923461914,99994.421875,99994.4609375,-99994.421875,99988.3828125,0,0,0,0,0,0,10000.001953125,50000.0,40318.06640625,0.0,0.0,0.0,10.300000190734863,70.19999694824219,60.9366455078125,0.0,0.0,0.0
188,0.001447,1.5747,0,0,0.3157272934913635,0.4220302402973175,-0.18724951148033142,0.3157272934913635,11.440025329589844,12.831686019897461,-11.440025329589844,9.718101501464844,0,0,0,0,0,0,10000.001953125,50000.0,40153.66796875,0.0,0.0,0.0,10.300000190734863,70.19999694824219,60.368492126464844,0.0,0.0,0.0
189,0.001480,1.5710,0,0,0.3157272934913635,0.4220302402973175,-0.18724951148033142,0.3157272934913635,10.670930862426758,12.262127876281738,-9.558738708496094,10.670930862426758,0,0,0,0,0,0,10000.001953125,50000.0,40323.41796875,0.0,0.0,0.0,10.300000190734863,70.19999694824219,60.8842887878418,0.0,0.0,0.0
190,0.001423,1.5754,0,0,0.3157272934913635,0.4220302402973175,-0.18724951148033142,0.3157272934913635,10.730056762695312,12.833168029785156,-10.730056762695312,10.115926742553711,0,0,0,0,0,0,10000.001953125,50000.0,40022.60546875,0.0,0.0,0.0,10.300000190734863,70.19999694824219,60.464508056640625,0.0,0.0,0.0
191,0.001539,1.5734,0,0,0.3157272934913635,0.4220302402973175,-0.18724951148033142,0.3157272934913635,9.931291580200195,13.249896049499512,-9.288694381713867,9.931291580200195,0,0,0,0,0,0,10000.001953125,50000.0,40251.15234375,0.0,0.0,0.0,10.300000190734863,70.19999694824219,60.73075485229492,0.0,0.0,0.0
192,0.001436,1.5684,0,0,0.3157272934913635,0.4220302402973175,-0.18724951148033142,0.3157272934913635,10.200068473815918,11.954073905944824,-10.200068473815918,8.915992736816406,0,0,0,0,0,0,10000.001953125,50000.0,40141.1640625,0.0,0.0,0.0,10.300000190734863,70.19999694824219,60.52461624145508,0.0,0.0,0.0
193,0.001377,1.5869,0,0,0.3157272934913635,0.4220302402973175,-0.18724951148033142,0.3157272934913635,11.249359130859375,12.830185890197754,-11.249359130859375,9.506321907043457,0,0,0,0,0,0,10000.001953125,50000.0,40221.66796875,0.0,0.0,0.0,10.300000190734863,70.19999694824219,60.507869720458984,0.0,0.0,0.0
194,0.001390,1.5691,0,0,0.3157272934913635,0.4220302402973175,-0.18724951148033142,0.3157272934913635,10.611533164978027,12.618135452270508,-10.611533164978027,9.469310760498047,0,0,0,0,0,0,10000.001953125,50000.0,40107.375,0.0,0.0,0.0,10.300000190734863,70.19999694824219,60.57138442993164,0.0,0.0,0.0
195,0.001474,1.5797,0,0,0.3157272934913635,0.4220302402973175,-0.18724951148033142,0.3157272934913635,11.516399383544922,12.863100051879883,-11.516399383544922,9.162467002868652,0,0,0,0,0,0,10000.001953125,50000.0,40230.19921875,0.0,0.0,0.0,10.300000190734863,70.19999694824219,60.923465728759766,0.0,0.0,0.0
196,0.001390,1.5700,0,0,0.3157272934913635,0.4220302402973175,-0.18724951148033142,0.3157272934913635,11.034676551818848,12.808504104614258,-11.034676551818848,9.33537769317627,0,0,0,0,0,0,10000.001953125,50000.0,40238.01171875,0.0,0.0,0.0,10.300000190734863,70.19999694824219,60.37971115112305,0.0,0.0,0.0
197,0.001490,1.5826,0,0,0.3157272934913635,0.4220302402973175,-0.18724951148033142,0.3157272934913635,10.785902976989746,12.524116516113281,-9.525053024291992,10.785902976989746,0,0,0,0,0,0,10000.001953125,50000.0,40263.30859375,0.0,0.0,0.0,10.300000190734863,70.19999694824219,60.7928466796875,0.0,0.0,0.0
198,0.001362,1.5751,0,0,0.3157272934913635,0.4220302402973175,-0.18724951148033142,0.3157272934913635,11.342674255371094,13.310319900512695,-11.342674255371094,10.660139083862305,0,0,0,0,0,0,10000.001953125,50000.0,40213.64453125,0.0,0.0,0.0,10.300000190734863,70.19999694824219,60.95972442626953,0.0,0.0,0.0
199,0.001405,1.5682,0,0,0.3157272934913635,0.4220302402973175,-0.18724951148033142,0.3157272934913635,10.96095085144043,12.220274925231934,-9.342805862426758,10.96095085144043,0,0,0,0,0,0,10000.001953125,50000.0,40196.6171875,0.0,0.0,0.0,10.300000190734863,70.19999694824219,60.550201416015625,0.0,0.0,0.0
200,0.001497,1.5601,0,0,0.3157272934913635,0.4220302402973175,-0.18724951148033142,0.3157272934913635,10.756842613220215,12.496101379394531,-10.756842613220215,9.12175464630127,0,0,0,0,0,0,10000.001953125,50000.0,40220.13671875,0.0,0.0,0.0,10.300000190734863,70.19999694824219,60.9443244934082,0.0,0.0,0.0
